Id,Position,First Name,Nickname,Last Name,FPPG,Played,Salary,Game,Team,Opponent,Injury Indicator,Injury Details,Tier,,,Roster Position
78130-78530,G,Rory,Rory McIlroy,McIlroy,78.0076904296875,13,12000,,,,,,,,,G
78130-78767,G,Scottie,Scottie Scheffler,Scheffler,80.4,20,11900,,,,,,,,,G
78130-78707,G,Jon,Jon Rahm,Rahm,73.35000174386161,14,11800,,,,,,,,,G
78130-78893,G,Justin,Justin Thomas,Thomas,84.54706169577206,17,11700,,,,,,,,,G
78130-78467,G,Shane,Shane Lowry,Lowry,61.6000010172526,12,11500,,,,,,,,,G
78130-78569,G,Collin,Collin Morikawa,Morikawa,68.13571602957589,14,11400,,,,,,,,,G
78130-78766,G,Xander,Xander Schauffele,Schauffele,77.9437484741211,16,11300,,,,,,,,,G
78130-78083,G,Matt,Matt Fitzpatrick,Fitzpatrick,63.881248474121094,16,11200,,,,,,,,,G
78130-78833,G,Jordan,Jordan Spieth,Spieth,64.42222086588542,18,11100,,,,,,,,,G
78130-79018,G,Will,Will Zalatoris,Zalatoris,62.94117647058823,17,11000,,,,,,,,,G
78130-78815,G,Cameron,Cameron Smith,Smith,72.89285714285714,14,10900,,,,,,,,,G
78130-78289,G,Dustin,Dustin Johnson,Johnson,60.67000122070313,10,10800,,,,,,,,,G
78130-79435,G,Patrick,Patrick Cantlay,Cantlay,76.78461632361778,13,10700,,,,,,,,,G
78130-101713,G,Viktor,Viktor Hovland,Hovland,71.5,16,10600,,,,,,,,,G
78130-78508,G,Hideki,Hideki Matsuyama,Matsuyama,72.27058679917279,17,10500,,,,,,,,,G
78130-78367,G,Brooks,Brooks Koepka,Koepka,54.21333414713542,15,10400,,,,,,,,,G
78130-78620,G,Louis,Louis Oosthuizen,Oosthuizen,56.95,10,10300,,,,,,,,,G
78130-78193,G,Tyrrell,Tyrrell Hatton,Hatton,61.24285888671875,14,10200,,,,,,,,,G
78130-77904,G,Sam,Sam Burns,Burns,68.875,20,10100,,,,,,,,,G
78130-78084,G,Tommy,Tommy Fleetwood,Fleetwood,62.864283970424104,14,10000,,,,,,,,,G
78130-107336,G,Cameron,Cameron Young,Young,59.8631591796875,19,9900,,,,,,,,,G
78130-78078,G,Tony,Tony Finau,Finau,63.1578947368421,19,9900,,,,,,,,,G
78130-80558,G,Joaquin,Joaquin Niemann,Niemann,66.80000135633681,18,9800,,,,,,,,,G
78130-78258,G,Sungjae,Sungjae Im,Im,69.60555691189236,18,9800,,,,,,,,,G
78130-78744,G,Justin,Justin Rose,Rose,61.9933349609375,15,9700,,,,O,Back,,,,G
78130-78430,G,Marc,Marc Leishman,Leishman,62.76666937934028,18,9600,,,,,,,,,G
78130-78780,G,Adam,Adam Scott,Scott,62.96922889122596,13,9600,,,,,,,,,G
78130-77966,G,Corey,Corey Conners,Conners,62.51052374588816,19,9500,,,,,,,,,G
78130-77806,G,Abraham,Abraham Ancer,Ancer,59.72352869370405,17,9500,,,,,,,,,G
78130-78722,G,Patrick,Patrick Reed,Reed,55.629998779296876,20,9400,,,,,,,,,G
78130-78005,G,Bryson,Bryson DeChambeau,DeChambeau,41.18571254185268,7,9400,,,,,,,,,G
78130-78095,G,Ryan,Ryan Fox,Fox,33.03333282470703,3,9300,,,,,,,,,G
78130-110893,G,Robert,Robert Macintyre,Macintyre,46,5,9300,,,,,,,,,G
78130-77922,G,Paul,Paul Casey,Casey,56.26666768391927,6,9200,,,,,,,,,G
78130-78692,G,Seamus,Seamus Power,Power,65.64285714285714,21,9200,,,,,,,,,G
78130-78188,G,Padraig,Padraig Harrington,Harrington,16.38000030517578,5,9100,,,,,,,,,G
78130-78232,G,Billy,Billy Horschel,Horschel,64.18000081380208,15,9100,,,,,,,,,G
78130-78116,G,Sergio,Sergio Garcia,Garcia,57.39000244140625,10,9000,,,,,,,,,G
78130-78663,G,Mito,Mito Pereira,Pereira,60.721738068953805,23,9000,,,,,,,,,G
78130-78228,G,Max,Max Homa,Homa,67.91764562270221,17,9000,,,,,,,,,G
78130-78666,G,Victor,Victor Perez,Perez,28.875,4,8900,,,,,,,,,G
78130-78211,G,Lucas,Lucas Herbert,Herbert,42.266666666666666,15,8900,,,,,,,,,G
78130-78998,G,Gary,Gary Woodland,Woodland,49.38999938964844,20,8900,,,,,,,,,G
78130-110898,G,Christiaan,Christiaan Bezuidenhout,Bezuidenhout,59.394443088107636,18,8800,,,,,,,,,G
78130-78999,G,Tiger,Tiger Woods,Woods,23.899999618530273,2,8800,,,,,,,,,G
78130-78804,G,Webb,Webb Simpson,Simpson,59.92499923706055,16,8800,,,,,,,,,G
78130-77881,G,Keegan,Keegan Bradley,Bradley,61.700002569901315,19,8700,,,,,,,,,G
78130-78935,G,Harold,Harold Varner III,Varner III,63.03529268152573,17,8700,,,,,,,,,G
78130-78689,G,J.T.,J.T. Poston,Poston,48.204345703125,23,8700,,,,,,,,,G
78130-78992,G,Aaron,Aaron Wise,Wise,65.60000128495066,19,8700,,,,,,,,,G
78130-78357,G,Kurt,Kurt Kitayama,Kitayama,48.83157830489309,19,8600,,,,,,,,,G
78130-78372,G,Jason,Jason Kokrak,Kokrak,57.22352869370405,17,8600,,,,,,,,,G
78130-78676,G,Thomas,Thomas Pieters,Pieters,28.399998982747395,6,8600,,,,,,,,,G
78130-78187,G,Brian,Brian Harman,Harman,54.37143089657738,21,8600,,,,,,,,,G
78130-78206,G,Russell,Russell Henley,Henley,71.03125,16,8600,,,,,,,,,G
78130-78356,G,Kevin,Kevin Kisner,Kisner,53.19411692899816,17,8500,,,,,,,,,G
78130-78140,G,Talor,Talor Gooch,Gooch,71.28421181126645,19,8500,,,,,,,,,G
78130-78973,G,Lee,Lee Westwood,Westwood,27.100000381469727,8,8500,,,,,,,,,G
78130-152967,G,Adrian,Adrian Meronk,Meronk,10,1,8500,,,,,,,,,G
78130-78439,G,Hao-Tong,Hao-Tong Li,Li,50.03333536783854,3,8400,,,,,,,,,G
78130-151407,G,Min Woo,Min Woo Lee,Lee,27.01000061035156,10,8400,,,,,,,,,G
78130-78984,G,Danny,Danny Willett,Willett,44.087501525878906,16,8400,,,,,,,,,G
78130-79759,G,Sahith,Sahith Theegala,Theegala,66.36,25,8400,,,,,,,,,G
78130-78561,G,Francesco,Francesco Molinari,Molinari,48.03125,16,8400,,,,,,,,,G
78130-78346,G,Si Woo,Si Woo Kim,Kim,57.8521728515625,23,8300,,,,,,,,,G
78130-78552,G,Keith,Keith Mitchell,Mitchell,67.30499877929688,20,8300,,,,,,,,,G
78130-78579,G,Sebastian,Sebastian Munoz,Munoz,59.04500122070313,20,8300,,,,,,,,,G
78130-78588,G,Kevin,Kevin Na,Na,59.23333231608073,12,8300,,,,,,,,,G
78130-77903,G,Dean,Dean Burmester,Burmester,31.950000762939453,4,8200,,,,,,,,,G
78130-78451,G,Luke,Luke List,List,52.85651961616848,23,8200,,,,,,,,,G
78130-78547,G,Phil,Phil Mickelson,Mickelson,47.92000122070313,5,8200,,,,,,,,,G
78130-78050,G,Harris,Harris English,English,56.29000244140625,10,8200,,,,,,,,,G
78130-78154,G,Emiliano,Emiliano Grillo,Grillo,53.16086744225544,23,8100,,,,,,,,,G
78130-78419,G,Kyoung-Hoon,Kyoung-Hoon Lee,Lee,58.87391198199728,23,8100,,,,,,,,,G
78130-78931,G,Erik,Erik Van Rooyen,Van Rooyen,46.96875,16,8100,,,,O,Neck,,,,G
78130-78980,G,Bernd,Bernd Wiesberger,Wiesberger,60.349998474121094,2,8100,,,,,,,,,G
78130-78691,G,Ian,Ian Poulter,Poulter,47.5923086313101,13,8000,,,,,,,,,G
78130-77951,G,Stewart,Stewart Cink,Cink,48.22999877929688,20,8000,,,,,,,,,G
78130-78225,G,Tom,Tom Hoge,Hoge,56.687998046875,25,8000,,,,,,,,,G
78130-80579,G,Sepp,Sepp Straka,Straka,47.807998046875,25,8000,,,,,,,,,G
78130-78355,G,Chris,Chris Kirk,Kirk,61.225,20,7900,,,,,,,,,G
78130-77865,G,Richard,Richard Bland,Bland,31.950000762939453,4,7900,,,,,,,,,G
78130-78913,G,Cameron,Cameron Tringale,Tringale,61.28181596235795,22,7900,,,,,,,,,G
78130-78234,G,Sam,Sam Horsfield,Horsfield,11.649999618530273,2,7900,,,,,,,,,G
78130-78101,G,Dylan,Dylan Frittelli,Frittelli,52.57500203450521,24,7800,,,,,,,,,G
78130-84820,G,Nicolai,Nicolai Hojgaard,Hojgaard,15.760000610351563,5,7800,,,,,,,,,G
78130-107350,G,Brandon,Brandon Wu,Wu,50.38095238095238,21,7800,,,,,,,,,G
78130-78011,G,Thomas,Thomas Detry,Detry,78.92500305175781,4,7800,,,,,,,,,G
78130-78847,G,Henrik,Henrik Stenson,Stenson,36.5,12,7800,,,,,,,,,G
78130-78184,G,Justin,Justin Harding,Harding,37.45000076293945,2,7700,,,,,,,,,G
78130-78243,G,Mackenzie,Mackenzie Hughes,Hughes,51.857142857142854,21,7700,,,,,,,,,G
78130-78291,G,Zach,Zach Johnson,Johnson,39.07999877929687,20,7700,,,,,,,,,G
78130-77815,G,Marcus,Marcus Armitage,Armitage,41,1,7700,,,,,,,,,G
78130-78401,G,Pablo,Pablo Larrazabal,Larrazabal,-1.7999999523162842,1,7600,,,,,,,,,G
78130-171878,G,Matthew,Matthew Jordan,Jordan,41.900001525878906,1,7600,,,,,,,,,G
78130-137069,G,Joohyung,Joohyung Kim,Kim,64.1,5,7600,,,,,,,,,G
78130-78817,G,Jordan L.,Jordan L. Smith,Smith,55.900001525878906,1,7600,,,,,,,,,G
78130-78576,G,Trey,Trey Mullinax,Mullinax,50.12608801800272,23,7600,,,,,,,,,G
78130-78603,G,Shaun,Shaun Norris,Norris,34.224998474121094,4,7500,,,,,,,,,G
78130-101395,G,John,John Catlin,Catlin,10.199999809265137,1,7500,,,,,,,,,G
78130-171571,G,Thriston,Thriston Lawrence,Lawrence,55.70000076293945,1,7500,,,,,,,,,G
78130-80464,G,Adri,Adri Arnaus,Arnaus,35.43333435058594,3,7500,,,,,,,,,G
78130-78021,G,Jamie,Jamie Donaldson,Donaldson,64.80000305175781,1,7500,,,,,,,,,G
78130-151390,G,Garrick,Garrick Higgo,Higgo,38.376472024356616,17,7400,,,,,,,,,G
78130-152964,G,Guido,Guido Migliozzi,Migliozzi,31.583333333333332,6,7400,,,,,,,,,G
78130-80788,G,Wyndham,Wyndham Clark,Clark,53.79583231608073,24,7400,,,,,,,,,G
78130-79351,G,Laurie,Laurie Canter,Canter,37,1,7400,,,,,,,,,G
78130-77859,G,Alexander,Alexander Bjork,Bjork,47.099998474121094,1,7300,,,,,,,,,G
78130-172100,G,David,David Law,Law,48.70000076293945,1,7300,,,,,,,,,G
78130-79019,G,Fabrizio,Fabrizio Zanotti,Zanotti,50.400001525878906,1,7300,,,,,,,,,G
78130-118505,G,Kazuki,Kazuki Higa,Higa,35.400001525878906,1,7300,,,,,,,,,G
78130-155188,G,Richard,Richard Mansell,Mansell,4.099999904632568,1,7200,,,,,,,,,G
78130-78151,G,Matthew,Matthew Griffin,Griffin,,,7200,,,,,,,,,G
78130-78943,G,Scott,Scott Vincent,Vincent,29.5,1,7200,,,,,,,,,G
78130-78781,G,Jason,Jason Scrivener,Scrivener,65,1,7200,,,,,,,,,G
78130-78337,G,Chan,Chan Kim,Kim,45.8125,8,7100,,,,,,,,,G
78130-78454,G,Zander,Zander Lombard,Lombard,,,7100,,,,,,,,,G
78130-171978,G,David,David Carey,Carey,,,7100,,,,,,,,,G
78130-171979,G,Ronan,Ronan Mullarney,Mullarney,,,7100,,,,,,,,,G
78130-166403,G,Aaron,Aaron Jarvis,Jarvis,6.599999904632568,1,7000,,,,,,,,,G
78130-78347,G,Sihwan,Sihwan Kim,Kim,,,7000,,,,,,,,,G
78130-171567,G,Yuto,Yuto Katsuragawa,Katsuragawa,,,7000,,,,,,,,,G
78130-171570,G,Ashley,Ashley Chesters,Chesters,,,7000,,,,,,,,,G
78130-78640,G,Dimi,Dimi Papadatos,Papadatos,,,7000,,,,,,,,,G
78130-155184,G,Sam,Sam Bairstow,Bairstow,11.5,1,7000,,,,,,,,,G
78130-171568,G,Jorge,Jorge Fernandez-Valdes,Fernandez-Valdes,,,7000,,,,,,,,,G
78130-171569,G,Anthony,Anthony Quayle,Quayle,,,7000,,,,,,,,,G
78130-171574,G,Aldrich,Aldrich Potgieter,Potgieter,,,7000,,,,,,,,,G
78130-171575,G,Stephen,Stephen Dodd,Dodd,,,7000,,,,,,,,,G
78130-171572,G,Ben,Ben Campbell,Campbell,,,7000,,,,,,,,,G
78130-171573,G,Justin,Justin De Los Santos,De Los Santos,,,7000,,,,,,,,,G
78130-78407,G,Paul,Paul Lawrie,Lawrie,,,7000,,,,,,,,,G
78130-163144,G,Minkyu,Minkyu Kim,Kim,82.9000015258789,1,7000,,,,,,,,,G
78130-77909,G,Mark,Mark Calcavecchia,Calcavecchia,,,7000,,,,,,,,,G
78130-171871,G,Jack,Jack Floydd,Floydd,,,7000,,,,,,,,,G
78130-171874,G,Oliver,Oliver Farr,Farr,,,7000,,,,,,,,,G
78130-171875,G,Marco,Marco Penge,Penge,,,7000,,,,,,,,,G
78130-171872,G,John,John Parry,Parry,,,7000,,,,,,,,,G
78130-171873,G,Matt,Matt Ford,Ford,,,7000,,,,,,,,,G
78130-171876,G,Lars,Lars Van Meijel,Van Meijel,,,7000,,,,,,,,,G
78130-171877,G,Jamie,Jamie Rutherford,Rutherford,,,7000,,,,,,,,,G
78130-170100,G,Sadom,Sadom Kaewkanjana,Kaewkanjana,11.100000381469727,1,7000,,,,,,,,,G
78130-82301,G,Takumi,Takumi Kanaya,Kanaya,25.34285627092634,7,7000,,,,,,,,,G
78130-77953,G,Darren,Darren Clarke,Clarke,14.699999809265137,1,7000,,,,,,,,,G
78130-77986,G,John,John Daly,Daly,9.899999618530273,1,7000,,,,,,,,,G
78130-163243,G,Keita,Keita Nakajima,Nakajima,38.92499923706055,4,7000,,,,,,,,,G
78130-78259,G,Shugo,Shugo Imahira,Imahira,61.099998474121094,1,7000,,,,,,,,,G
78130-78015,G,Robert,Robert Dinwiddie,Dinwiddie,,,7000,,,,,,,,,G
78130-171977,G,Barclay,Barclay Brown,Brown,,,7000,,,,,,,,,G
78130-171980,G,Alex,Alex Wrigley,Wrigley,,,7000,,,,,,,,,G
78130-78037,G,David,David Duval,Duval,11.699999809265137,1,7000,,,,,,,,,G
78130-171742,G,Filippo,Filippo Celli,Celli,,,7000,,,,,,,,,G
78130-171743,G,Mingyu,Mingyu Cho,Cho,,,7000,,,,,,,,,G
78130-78048,G,Ernie,Ernie Els,Els,18.100000381469727,1,7000,,,,,,,,,G
78130-170474,G,Jediah,Jediah Morgan,Morgan,4.949999809265137,2,7000,,,,,,,,,G
78130-78326,G,Brad,Brad Kennedy,Kennedy,38.939999389648435,5,7000,,,,,,,,,G