Id,Position,First Name,Nickname,Last Name,FPPG,Played,Salary,Game,Team,Opponent,Injury Indicator,Injury Details,Tier,,,Roster Position
78301-78078,G,Tony,Tony Finau,Finau,64.21500244140626,20,12000,,,,,,,,,G
78301-78508,G,Hideki,Hideki Matsuyama,Matsuyama,71.82777913411458,18,11900,,,,O,Wrist,,,,G
78301-78258,G,Sungjae,Sungjae Im,Im,68.01579204358552,19,11500,,,,,,,,,G
78301-78166,G,Adam,Adam Hadwin,Hadwin,62.900001162574405,21,11400,,,,,,,,,G
78301-78538,G,Maverick,Maverick McNealy,McNealy,70.28571428571429,21,11300,,,,,,,,,G
78301-79759,G,Sahith,Sahith Theegala,Theegala,66.65384615384616,26,11200,,,,,,,,,G
78301-79599,G,Davis,Davis Riley,Riley,62.14348038383152,23,11100,,,,,,,,,G
78301-78913,G,Cameron,Cameron Tringale,Tringale,61.391304347826086,23,11000,,,,,,,,,G
78301-77994,G,Cameron,Cameron Davis,Davis,59.57142857142857,21,10900,,,,,,,,,G
78301-78689,G,J.T.,J.T. Poston,Poston,47.79583231608073,24,10800,,,,,,,,,G
78301-78719,G,Chez,Chez Reavie,Reavie,51.53478473165761,23,10700,,,,,,,,,G
78301-78239,G,Charles,Charles Howell III,Howell III,61.724998474121094,16,10600,,,,O,Undisclosed,,,,G
78301-77997,G,Jason,Jason Day,Day,57.02142769949777,14,10500,,,,,,,,,G
78301-137069,G,Joohyung,Joohyung Kim,Kim,64.23333231608073,6,10400,,,,,,,,,G
78301-78241,G,Mark,Mark Hubbard,Hubbard,68.7388916015625,18,10400,,,,O,Undisclosed,,,,G
78301-78390,G,Martin,Martin Laird,Laird,58.06666395399306,18,10300,,,,,,,,,G
78301-78636,G,Ryan,Ryan Palmer,Palmer,48.30000135633681,18,10200,,,,,,,,,G
78301-78093,G,Rickie,Rickie Fowler,Fowler,47.127777099609375,18,10100,,,,,,,,,G
78301-78843,G,Brendan,Brendan Steele,Steele,53.21666802300347,18,10000,,,,,,,,,G
78301-78185,G,Nick,Nick Hardy,Hardy,57.42941104664522,17,9900,,,,,,,,,G
78301-78456,G,Adam,Adam Long,Long,58.23333231608073,24,9900,,,,,,,,,G
78301-78904,G,Brendon,Brendon Todd,Todd,57.652378627232146,21,9800,,,,,,,,,G
78301-78154,G,Emiliano,Emiliano Grillo,Grillo,52.25416564941406,24,9800,,,,,,,,,G
78301-78872,G,Adam,Adam Svensson,Svensson,58.31153752253606,26,9700,,,,,,,,,G
78301-80553,G,Cameron,Cameron Champ,Champ,43.131248474121094,16,9700,,,,,,,,,G
78301-165988,G,Chris,Chris Gotterup,Gotterup,61.633331298828125,6,9600,,,,,,,,,G
78301-80788,G,Wyndham,Wyndham Clark,Clark,54.267998046875,25,9600,,,,,,,,,G
78301-78101,G,Dylan,Dylan Frittelli,Frittelli,54.2960009765625,25,9500,,,,,,,,,G
78301-78591,G,Matthew,Matthew NeSmith,NeSmith,53.758331298828125,24,9500,,,,,,,,,G
78301-82773,G,C.T.,C.T. Pan,Pan,59.029998779296875,20,9400,,,,,,,,,G
78301-79480,G,Lanto,Lanto Griffin,Griffin,57.41304347826087,23,9400,,,,O,Undisclosed,,,,G
78301-78931,G,Erik,Erik Van Rooyen,Van Rooyen,46.96875,16,9300,,,,O,Neck,,,,G
78301-78543,G,Troy,Troy Merritt,Merritt,58.06666782924107,21,9300,,,,,,,,,G
78301-78135,G,Lucas,Lucas Glover,Glover,53.66817959872159,22,9200,,,,,,,,,G
78301-80362,G,Austin,Austin Smotherman,Smotherman,57.290475027901785,21,9200,,,,,,,,,G
78301-77951,G,Stewart,Stewart Cink,Cink,46.709524972098215,21,9100,,,,,,,,,G
78301-78225,G,Tom,Tom Hoge,Hoge,55.48076923076923,26,9100,,,,,,,,,G
78301-82444,G,Doug,Doug Ghim,Ghim,48,24,9000,,,,,,,,,G
78301-78415,G,Danny,Danny Lee,Lee,42.120001220703124,20,9000,,,,,,,,,G
78301-78245,G,John,John Huh,Huh,54.214285714285715,21,9000,,,,,,,,,G
78301-79365,G,Beau,Beau Hossler,Hossler,49.07368549547697,19,8900,,,,,,,,,G
78301-78889,G,Nick,Nick Taylor,Taylor,50.366668701171875,24,8900,,,,,,,,,G
78301-78984,G,Danny,Danny Willett,Willett,45.923530129825366,17,8900,,,,,,,,,G
78301-79454,G,Tyler,Tyler Duncan,Duncan,54.30454323508523,22,8800,,,,,,,,,G
78301-101528,G,Hayden,Hayden Buckley,Buckley,50.2,25,8800,,,,,,,,,G
78301-78769,G,Adam,Adam Schenk,Schenk,42.69259078414352,27,8800,,,,,,,,,G
78301-78358,G,Patton,Patton Kizzire,Kizzire,55.3125,24,8700,,,,,,,,,G
78301-78897,G,Michael,Michael Thompson,Thompson,56.30454323508523,22,8700,,,,,,,,,G
78301-107347,G,Callum,Callum Tarren,Tarren,46.82380894252232,21,8700,,,,,,,,,G
78301-151390,G,Garrick,Garrick Higgo,Higgo,40.51666598849826,18,8600,,,,,,,,,G
78301-82357,G,Greyson,Greyson Sigg,Sigg,57.052001953125,25,8600,,,,,,,,,G
78301-78268,G,Stephan,Stephan Jaeger,Jaeger,46.0999990609976,26,8600,,,,,,,,,G
78301-79811,G,Matthias,Matthias Schwab,Schwab,58.19444444444444,18,8600,,,,,,,,,G
78301-119585,G,Brandon,Brandon Matthews,Matthews,16.700000762939453,2,8500,,,,,,,,,G
78301-78403,G,Nate,Nate Lashley,Lashley,56.18260657269022,23,8500,,,,,,,,,G
78301-79954,G,Hank,Hank Lebioda,Lebioda,46.66,25,8500,,,,,,,,,G
78301-78214,G,Kramer,Kramer Hickok,Hickok,46.53703703703704,27,8500,,,,,,,,,G
78301-77884,G,Joseph,Joseph Bramlett,Bramlett,48.207998046875,25,8400,,,,,,,,,G
78301-78698,G,Andrew,Andrew Putnam,Putnam,49.42307692307692,26,8400,,,,,,,,,G
78301-78751,G,Sam,Sam Ryder,Ryder,48.9039990234375,25,8400,,,,,,,,,G
78301-77816,G,Ryan,Ryan Armour,Armour,43.45294189453125,17,8400,,,,,,,,,G
78301-78118,G,Brice,Brice Garnett,Garnett,46.5839990234375,25,8300,,,,,,,,,G
78301-78675,G,Scott,Scott Piercy,Piercy,46.76956309442935,23,8300,,,,,,,,,G
78301-78169,G,James,James Hahn,Hahn,46.595238095238095,21,8300,,,,,,,,,G
78301-101765,G,Lee,Lee Hodges,Hodges,51.78333536783854,24,8300,,,,,,,,,G
78301-78165,G,Chesson,Chesson Hadley,Hadley,48.82500203450521,24,8200,,,,,,,,,G
78301-79537,G,Justin,Justin Lower,Lower,55.970001220703125,20,8200,,,,,,,,,G
78301-78565,G,Ryan,Ryan Moore,Moore,52.06153752253606,13,8200,,,,,,,,,G
78301-79597,G,Chad,Chad Ramey,Ramey,48.645833333333336,24,8200,,,,O,Undisclosed,,,,G
78301-78378,G,Kelly,Kelly Kraft,Kraft,43.27391251273777,23,8100,,,,,,,,,G
78301-78134,G,Michael,Michael Gligic,Gligic,54.879998779296876,20,8100,,,,,,,,,G
78301-78951,G,Matt,Matt Wallace,Wallace,36.994119083180145,17,8100,,,,,,,,,G
78301-116965,G,Bo,Bo Hoag,Hoag,33.89374923706055,16,8100,,,,,,,,,G
78301-156418,G,Scott,Scott Gutschewski,Gutschewski,45.75263093647204,19,8000,,,,,,,,,G
78301-82446,G,Doc,Doc Redman,Redman,47.47083536783854,24,8000,,,,,,,,,G
78301-78168,G,Brandon,Brandon Hagy,Hagy,42.14074254918982,27,8000,,,,,,,,,G
78301-116964,G,Harry,Harry Higgs,Higgs,42.63077016977164,26,8000,,,,,,,,,G
78301-78344,G,Michael,Michael Kim,Kim,62.150001525878906,4,7900,,,,O,Undisclosed,,,,G
78301-82360,G,Andrew,Andrew Novak,Novak,50.9227294921875,22,7900,,,,,,,,,G
78301-78782,G,Chase,Chase Seiffert,Seiffert,48.13333333333333,15,7900,,,,,,,,,G
78301-117701,G,Dylan,Dylan Wu,Wu,46.76666550409226,21,7900,,,,,,,,,G
78301-78856,G,Robert,Robert Streb,Streb,42.38,25,7800,,,,,,,,,G
78301-78606,G,Sean,Sean O'Hair,O'Hair,53.179998779296874,10,7800,,,,,,,,,G
78301-78366,G,Satoshi,Satoshi Kodaira,Kodaira,51.714285714285715,14,7800,,,,,,,,,G
78301-78491,G,Peter,Peter Malnati,Malnati,55.51111291956018,27,7800,,,,,,,,,G
78301-78600,G,Henrik,Henrik Norlander,Norlander,43.3608690344769,23,7700,,,,,,,,,G
78301-78862,G,Brian,Brian Stuard,Stuard,40.5933349609375,30,7700,,,,,,,,,G
78301-77894,G,Scott,Scott Brown,Brown,51.91817959872159,11,7700,,,,,,,,,G
78301-78500,G,Ben,Ben Martin,Martin,45.375,12,7700,,,,,,,,,G
78301-78890,G,Vaughn,Vaughn Taylor,Taylor,50.84375,16,7600,,,,,,,,,G
78301-78162,G,Bill,Bill Haas,Haas,52.20000090422454,27,7600,,,,,,,,,G
78301-77934,G,Kevin,Kevin Chappell,Chappell,50.76874923706055,16,7600,,,,,,,,,G
78301-77967,G,Austin,Austin Cook,Cook,48.709524972098215,21,7600,,,,,,,,,G
78301-78662,G,Cameron,Cameron Percy,Percy,51.53077110877404,13,7500,,,,,,,,,G
78301-78918,G,Kevin,Kevin Tway,Tway,43.2639990234375,25,7500,,,,,,,,,G
78301-77897,G,Wesley,Wesley Bryan,Bryan,44.4066650390625,15,7500,,,,,,,,,G
78301-78942,G,Camilo,Camilo Villegas,Villegas,44.65909090909091,22,7500,,,,,,,,,G
78301-78859,G,Chris,Chris Stroud,Stroud,44.32999877929687,10,7400,,,,,,,,,G
78301-79671,G,Ben,Ben Kohles,Kohles,49.685000610351565,20,7400,,,,,,,,,G
78301-77905,G,Jonathan,Jonathan Byrd,Byrd,51.26250076293945,16,7400,,,,,,,,,G
78301-78449,G,David,David Lingmerth,Lingmerth,47.58182040127841,11,7400,,,,,,,,,G
78301-77832,G,Paul,Paul Barjon,Barjon,46.09090909090909,22,7300,,,,,,,,,G
78301-78120,G,Robert,Robert Garrigus,Garrigus,46.33999938964844,10,7300,,,,O,Undisclosed,,,,G
78301-78391,G,Rick,Rick Lamb,Lamb,62,2,7300,,,,,,,,,G
78301-78582,G,Grayson,Grayson Murray,Murray,32.19999864366319,9,7300,,,,,,,,,G
78301-77823,G,Aaron,Aaron Baddeley,Baddeley,48.539999389648436,10,7300,,,,,,,,,G
78301-78598,G,Seung-Yul,Seung-Yul Noh,Noh,52.66842169510691,19,7200,,,,,,,,,G
78301-78394,G,Andrew,Andrew Landry,Landry,36.6499989827474,12,7200,,,,,,,,,G
78301-79484,G,Cole,Cole Hammer,Hammer,24,1,7200,,,,,,,,,G
78301-79566,G,Chris,Chris Naegel,Naegel,46.8999989827474,3,7200,,,,,,,,,G
78301-78811,G,Roger,Roger Sloan,Sloan,36.47307645357572,26,7200,,,,,,,,,G
78301-82996,G,Joshua,Joshua Creel,Creel,33.672220865885414,18,7100,,,,,,,,,G
78301-78972,G,Richy,Richy Werenski,Werenski,35.8545448996804,22,7100,,,,,,,,,G
78301-78034,G,Jason,Jason Dufner,Dufner,35.6578947368421,19,7100,,,,,,,,,G
78301-77810,G,Kiradech,Kiradech Aphibarnrat,Aphibarnrat,43.686665852864586,15,7100,,,,,,,,,G
78301-77824,G,Sang-Moon,Sang-Moon Bae,Bae,38.77142769949777,7,7000,,,,O,Undisclosed,,,,G
78301-161547,G,Max,Max McGreevy,McGreevy,41.42608642578125,23,7000,,,,,,,,,G
78301-79626,G,Kevin,Kevin Stadler,Stadler,15.1,10,7000,,,,,,,,,G
78301-173582,G,Mardy,Mardy Fish,Fish,,,7000,,,,,,,,,G
78301-77836,G,Ricky,Ricky Barnes,Barnes,34.855556911892364,9,7000,,,,,,,,,G
78301-173583,G,Mo,Mo Lim,Lim,,,7000,,,,,,,,,G
78301-161549,G,Jared,Jared Wolfe,Wolfe,41.421052631578945,19,7000,,,,,,,,,G
78301-173584,G,Dylan,Dylan Menante,Menante,,,7000,,,,,,,,,G
78301-102674,G,Derek,Derek Lamely,Lamely,25.200000762939453,1,7000,,,,,,,,,G
78301-173585,G,Jeff,Jeff Sorenson,Sorenson,,,7000,,,,,,,,,G
78301-78110,G,Tommy,Tommy Gainey,Gainey,37.24545565518466,11,7000,,,,,,,,,G
78301-78631,G,Jeff,Jeff Overton,Overton,,,7000,,,,,,,,,G
78301-77867,G,Jonas,Jonas Blixt,Blixt,31.326316431949014,19,7000,,,,,,,,,G
78301-78122,G,Brian,Brian Gay,Gay,42.0933349609375,15,7000,,,,,,,,,G
78301-77872,G,Jason,Jason Bohn,Bohn,21.125,4,7000,,,,,,,,,G
78301-78909,G,D.J.,D.J. Trahan,Trahan,38.02222357855903,9,7000,,,,,,,,,G
78301-77887,G,Ryan,Ryan Brehm,Brehm,31.98333231608073,12,7000,,,,,,,,,G
78301-78910,G,Martin,Martin Trainer,Trainer,42.43333152488426,27,7000,,,,,,,,,G
78301-173894,G,Daniel,Daniel Gale,Gale,,,7000,,,,,,,,,G
78301-173893,G,Andre,Andre Metzger,Metzger,,,7000,,,,,,,,,G
78301-79689,G,Jim,Jim Knous,Knous,52.41999918619792,15,7000,,,,,,,,,G
78301-82763,G,Jonathan,Jonathan Kaye,Kaye,6.099999904632568,2,7000,,,,O,Undisclosed,,,,G
78301-78927,G,Dawie,Dawie Van der Walt,Van der Walt,36.76190476190476,21,7000,,,,,,,,,G
78301-78684,G,D.A.,D.A. Points,Points,37.73333401150174,9,7000,,,,O,Undisclosed,,,,G
78301-78690,G,Ted,Ted Potter Jr.,Potter Jr.,17.25,8,7000,,,,,,,,,G
78301-77929,G,Greg,Greg Chalmers,Chalmers,41.75555419921875,9,7000,,,,,,,,,G
78301-78959,G,Nick,Nick Watney,Watney,36.5239990234375,25,7000,,,,,,,,,G
78301-78195,G,David,David Hearn,Hearn,39.30909035422585,11,7000,,,,,,,,,G
78301-79477,G,Paul,Paul Goydos,Goydos,9.600000381469727,1,7000,,,,,,,,,G
78301-77948,G,K.J.,K.J. Choi,Choi,25.649999618530273,2,7000,,,,,,,,,G
78301-78207,G,J.J.,J.J. Henry,Henry,34.92857142857143,7,7000,,,,,,,,,G
78301-78209,G,Mark,Mark Hensby,Hensby,30.039999389648436,5,7000,,,,,,,,,G
78301-78482,G,Will,Will MacKenzie,MacKenzie,7.5,2,7000,,,,O,Undisclosed,,,,G
78301-77975,G,Ben,Ben Crane,Crane,34.75555419921875,9,7000,,,,,,,,,G
78301-85159,G,John,John Huston,Huston,11,1,7000,,,,,,,,,G
78301-77993,G,Brian,Brian Davis,Davis,20.483333587646484,6,7000,,,,,,,,,G
78301-78532,G,Parker,Parker McLachlin,McLachlin,9.175000190734863,8,7000,,,,,,,,,G
78301-78539,G,George,George McNeill,McNeill,21.924999237060547,4,7000,,,,,,,,,G
78301-78026,G,Brett,Brett Drewitt,Drewitt,37.87368292557566,19,7000,,,,,,,,,G
78301-78542,G,John,John Merrick,Merrick,23.174999237060547,8,7000,,,,,,,,,G
78301-80336,G,Seth,Seth Reeves,Reeves,43.96363691850142,22,7000,,,,,,,,,G
78301-78809,G,David,David Skinns,Skinns,47.905263800370065,19,7000,,,,,,,,,G
78301-155106,G,Curtis,Curtis Thompson,Thompson,38.55217444378397,23,7000,,,,,,,,,G
78301-78052,G,Derek,Derek Ernst,Ernst,34.050000508626304,6,7000,,,,,,,,,G
78301-78310,G,Sung,Sung Kang,Kang,44.074074074074076,27,7000,,,,,,,,,G
78301-78060,G,Matt,Matt Every,Every,16.77142878941127,7,7000,,,,,,,,,G
78301-117242,G,Bo,Bo Van Pelt,Van Pelt,39.550000508626304,12,7000,,,,,,,,,G
78301-77821,G,Arjun,Arjun Atwal,Atwal,32.23999938964844,5,7000,,,,,,,,,G